temp_year,number_temp
2008,18.962609786700124
2009,17.028015564202335
2010,18.790917248255234
2011,14.545501022494888
2012,17.051030421982336
2013,14.811707317073171
2014,13.40234375
2015,14.35840108401084
2016,15.324928366762178
2017,13.798160696999032
2018,16.155674102812803
2019,13.53228962818004
2020,16.512916111850867
2021,15.980102040816327
2022,15.794721407624634
2023,17.48933074684772
2024,17.89931906614786
